<?xml version="1.0" encoding="UTF-8"?>

<!DOCTYPE mapper
    PUBLIC "-//mybatis.org//DTD Mapper 3.0//EN"
    "http://mybatis.org/dtd/mybatis-3-mapper.dtd">
     
    <!-- namespace="패키지명.인터페이스" -->
<mapper namespace="com.pigbank.project.dao.LeeMapper">

	<select id="accountList" parameterType="String" resultType="com.pigbank.project.dto.AccountDTO">
		SELECT act.acnumber, act.acbalance, act.bankName, cs.name, act.acPwd, act.trsfLimit
		  FROM ACCOUNT_TBL act, CUSTOMER cs
		  WHERE act.id = cs.id
		    AND act.id = #{id}
	</select>
	
	<insert id="insertTransfer" parameterType="com.pigbank.project.dto.TransferDTO">
		INSERT INTO TRANSFER_TBL(tNum, acNumber, tDepositnum, tDepositBank, tType, tAmount, myMemo, yourMemo, tDate)
			VALUES((SELECT NVL(MAX(tNum) + 1, 1) FROM TRANSFER_TBL), #{acNumber},
			        #{tDepositnum}, #{tDepositBank}, #{tType}, #{tAmount}, #{myMemo},
			        #{yourMemo}, sysdate)
	</insert>
	
	<update id="updateAccount" parameterType="com.pigbank.project.dto.TransferDTO">
		UPDATE ACCOUNT_TBL 
		SET ACBALANCE = ACBALANCE - #{tAmount}
		WHERE ACNUMBER = #{acNumber}
	</update>
	
	<update id="updateAccountnext" parameterType="com.pigbank.project.dto.TransferDTO">
		UPDATE ACCOUNT_TBL
		SET ACBALANCE = ACBALANCE + #{tAmount}
		WHERE ACNUMBER = #{acNumber}
	</update>
	
	<insert id="autoInsertTransfer" parameterType="com.pigbank.project.dto.AutoTransferDTO">
		INSERT INTO auto_transferReg_tbl(aNum,acNumber,aDepositNum,aDepositBank,aDepositAmount,aTransferCycle,aStartDate,aEndDate,myMemo,yourMemo)
			VALUES((SELECT NVL(MAX(aNum) + 1, 1) FROM auto_transferReg_tbl), #{acNumber}, #{aDepositnum}, #{aDepositBank}, #{aDepositAmount}, #{aTransferCycle}, 
			#{aStartDate},#{aEndDate},#{myMemo},#{yourMemo})
	</insert>
	
	<select id="autoTransferList" resultType="com.pigbank.project.dto.AutoTransferDTO">
		select * from auto_transferReg_tbl
	</select>
	
	<update id="updateAutoTransfer" parameterType="java.util.Map">
		update auto_transferReg_tbl
		set aState = #{aState}
		where aNum = #{aNum}
	</update>
	
	<update id="updateAutoTransferCycle" parameterType="java.util.Map">
		update auto_transferReg_tbl
		set aUpdate = #{aUpdate} + #{aTransferCycle}
		where aNum = #{aNum}
	</update>
</mapper>